<?xml version="1.0" encoding="UTF-8"?>

<project>
  <extend>../project.xml</extend>
  <name>Digester</name>
  <id>commons-digester</id>
  <currentVersion>1.4.1</currentVersion>
  <inceptionYear>2001</inceptionYear>
  <shortDescription>Rule based XML->Java object mapping module</shortDescription>
  <description>The Digester package lets you configure an XML->Java object mapping module which triggers certain actions called rules whenever a particular pattern of nested XML elements is recognized.</description>

  <versions>
    <version>
      <id>rc1</id>
      <name>1.4.1-RC1</name>
      <tag>DIGESTER_1_4_1_RC1</tag>
    </version>
  </versions>

  <developers>
    <developer>
      <name>Craig McClanahan</name>
      <id>craigmcc</id>
      <email>Craig.McClanahan@eng.sun.com</email>
      <organization>Sun Microsystems</organization>
    </developer>
    <developer>
      <name>Robert Burrell Donkin</name>
      <id>rdonkin</id>
      <email>robertburrelldonkin@blueyonder.co.uk</email>
    </developer>
    <developer>
      <name>Scott Sanders</name>
      <id>sanders</id>
      <email>sanders@totalsync.com</email>
    </developer>
    <developer>
      <name>James Strachan</name>
      <id>jstrachan</id>
      <email>jstrachan@apache.org</email>
    </developer>
    <developer>
      <name>Jason van Zyl</name>
      <id>jvanzyl</id>
      <email>jvanzyl@apache.org</email>
    </developer>
    <developer>
      <name>Tim OBrien</name>
      <id>tobrien</id>
      <email>tobrien@apache.org</email>
    </developer>
  </developers>

  <contributors>
    <contributor>
      <name>Bradley M. Handy</name>
      <email>bhandy@users.sf.net</email>
    </contributor>
  </contributors>
  
  <dependencies>
    <dependency> 
      <id>commons-beanutils</id>
      <version>1.6</version>
    </dependency>
    <dependency> 
      <id>commons-logging</id>
      <version>1.0</version>
    </dependency>
    <dependency> 
      <id>commons-collections</id> 
      <version>2.1</version> 
    </dependency> 
    <dependency>
      <id>xml-apis</id>
      <version>2.0.2</version>
    </dependency>
    <dependency>
      <id>junit</id>
      <version>3.7</version>
    </dependency>
  </dependencies>
  
  <build>
    <unitTest>
      <includes>
        <include>**/*Test.java</include>
        <include>**/*TestCase.java</include>
      </includes>
      <resources>
         <resource>
            <directory>${pom.build.unitTestSourceDirectory}</directory>
            <includes>
              <include>**/*.xml</include>
            </includes>
         </resource>
        <resource>
           <directory>${pom.build.sourceDirectory}</directory>
           <includes>
             <include>**/*.dtd</include>
           </includes>
        </resource>
      </resources>
    </unitTest>
  </build>

  <reports>
   <report>maven-changelog-plugin</report>
   <report>maven-checkstyle-plugin</report>
   <report>maven-developer-activity-plugin</report>
   <report>maven-file-activity-plugin</report>
   <report>maven-javadoc-plugin</report>
   <report>maven-jdepend-plugin</report>
   <report>maven-junit-report-plugin</report>
   <report>maven-jxr-plugin</report>
   <report>maven-license-plugin</report>
   <report>maven-linkcheck-plugin</report>
   <report>maven-tasklist-plugin</report>
<!--   <report>maven-clover-plugin</report> -->
  </reports>
</project>
